<!-- security/security.xml -->
<odoo>
    <data noupdate="1">
        <record id="group_todo_user" model="res.groups">
            <field name="name">Todo Task User</field>
            <field name="category_id" ref="base.module_category_hidden"/>
        </record>

        <record id="group_todo_manager" model="res.groups">
            <field name="name">Todo Task Manager</field>
            <field name="category_id" ref="base.module_category_hidden"/>
        </record>

        <record id="todo_task_user_rule" model="ir.rule">
            <field name="name">Todo Task: User Access</field>
            <field name="model_id" ref="model_todo_task"/>
            <field name="groups" eval="[(4, ref('todo_app.group_todo_user'))]"/>
            <field name="domain_force">[('assign_to_id', '=', user.partner_id.id)]</field>
            <field name="perm_read" eval="True"/>
            <field name="perm_write" eval="True"/>
            <field name="perm_create" eval="False"/>
            <field name="perm_unlink" eval="False"/>
        </record>
    </data>
</odoo>
